:mode=replace;;;;;;;;;;;;;;;;;;;;;;;;;;;;;;;;;;;;;;;;;;;;;;;;;;;;;;;;;;;;;;
;;;;;;;;;;;;;;;;;;;;;;;;;;;;;;;;;;;;;;;;;;;;;;;;;;;;;;;;;;;;;;
:IOInt;Group;Comment;Logged;EventLogged;EventLoggingPriority;RetentiveValue;RetentiveAlarmParameters;AlarmValueDeadband;AlarmDevDeadband;EngUnits;InitialValue;MinEU;MaxEU;Deadband;LogDeadband;LoLoAlarmState;LoLoAlarmValue;LoLoAlarmPri;LoAlarmState;LoAlarmValue;LoAlarmPri;HiAlarmState;HiAlarmValue;HiAlarmPri;HiHiAlarmState;HiHiAlarmValue;HiHiAlarmPri;MinorDevAlarmState;MinorDevAlarmValue;MinorDevAlarmPri;MajorDevAlarmState;MajorDevAlarmValue;MajorDevAlarmPri;DevTarget;ROCAlarmState;ROCAlarmValue;ROCAlarmPri;ROCTimeBase;MinRaw;MaxRaw;Conversion;AccessName;ItemUseTagname;ItemName;ReadOnly;AlarmComment;AlarmAckModel;LoLoAlarmDisable;LoAlarmDisable;HiAlarmDisable;HiHiAlarmDisable;MinDevAlarmDisable;MajDevAlarmDisable;RocAlarmDisable;LoLoAlarmInhibitor;LoAlarmInhibitor;HiAlarmInhibitor;HiHiAlarmInhibitor;MinDevAlarmInhibitor;MajDevAlarmInhibitor;RocAlarmInhibitor;SymbolicName
A16_AI_0000;A16_Variables;DP0S0N00;No;No;200;No;No;0;0;0000;0;-2147483648;2147483647;0;0;Off;0;1;Off;0;1;Off;0;1;Off;0;1;Off;0;1;Off;0;1;0;Off;0;1;Min;-2147483648;2147483647;Linear;A16FAST;No;DB1093.DBD0;No;xx : Dummy object;0;0;0;0;0;0;0;0;;;;;;;;
A16_TT_0101;A16_Variables_G1;DP22S6N2;No;No;200;No;No;0;0;0001;0;-2147483648;2147483647;0;0;Off;0;1;Off;0;1;Off;0;1;Off;0;1;Off;0;1;Off;0;1;0;Off;0;1;Min;-2147483648;2147483647;Linear;A16FAST;No;DB1093.DBD64;No;P21 : Température entrée appareil;0;0;0;0;0;0;0;0;;;;;;;;
A16_TT_0102;A16_Variables_G1;DP22S6N3;No;No;200;No;No;0;0;0002;0;-2147483648;2147483647;0;0;Off;0;1;Off;0;1;Off;0;1;Off;0;1;Off;0;1;Off;0;1;0;Off;0;1;Min;-2147483648;2147483647;Linear;A16FAST;No;DB1093.DBD128;No;P21 : Température sortie section 1er traitement HE01;0;0;0;0;0;0;0;0;;;;;;;;
A16_TT_0103;A16_Variables_G1;DP22S6N4;No;No;200;No;No;0;0;0003;0;-2147483648;2147483647;0;0;Off;0;1;Off;0;1;Off;0;1;Off;0;1;Off;0;1;Off;0;1;0;Off;0;1;Min;-2147483648;2147483647;Linear;A16FAST;No;DB1093.DBD192;No;P21 : Température sortie dégazeur DA01;0;0;0;0;0;0;0;0;;;;;;;;
A16_TT_0105;A16_Variables_G1;DP22S6N5;No;No;200;No;No;0;0;0004;0;-2147483648;2147483647;0;0;Off;0;1;Off;0;1;Off;0;1;Off;0;1;Off;0;1;Off;0;1;0;Off;0;1;Min;-2147483648;2147483647;Linear;A16FAST;No;DB1093.DBD256;No;P21 : Température sortie section 2eme traitement HE2;0;0;0;0;0;0;0;0;;;;;;;;
A16_TT_0106;A16_Variables_G1;DP22S6N6;No;No;200;No;No;0;0;0005;0;-2147483648;2147483647;0;0;Off;0;1;Off;0;1;Off;0;1;Off;0;1;Off;0;1;Off;0;1;0;Off;0;1;Min;-2147483648;2147483647;Linear;A16FAST;No;DB1093.DBD320;No;P21 : Température sortie chambrage traitement;0;0;0;0;0;0;0;0;;;;;;;;
A16_TT_0107;A16_Variables_G1;DP22S6N7;No;No;200;No;No;0;0;0006;0;-2147483648;2147483647;0;0;Off;0;1;Off;0;1;Off;0;1;Off;0;1;Off;0;1;Off;0;1;0;Off;0;1;Min;-2147483648;2147483647;Linear;A16FAST;No;DB1093.DBD384;No;P21 : Température sortie appareil;0;0;0;0;0;0;0;0;;;;;;;;
A16_TT_0111;A16_Variables_G1;DP22S6N8;No;No;200;No;No;0;0;0007;0;-2147483648;2147483647;0;0;Off;0;1;Off;0;1;Off;0;1;Off;0;1;Off;0;1;Off;0;1;0;Off;0;1;Min;-2147483648;2147483647;Linear;A16FAST;No;DB1093.DBD448;No;P21 : Température entrée boucle section 1er traitement HE01;0;0;0;0;0;0;0;0;;;;;;;;
A16_TT_0112;A16_Variables_G1;DP22S7N0;No;No;200;No;No;0;0;0008;0;-2147483648;2147483647;0;0;Off;0;1;Off;0;1;Off;0;1;Off;0;1;Off;0;1;Off;0;1;0;Off;0;1;Min;-2147483648;2147483647;Linear;A16FAST;No;DB1093.DBD512;No;P21 : Température sortie boucle section 1er traitement HE01;0;0;0;0;0;0;0;0;;;;;;;;
A16_TT_0121;A16_Variables_G1;DP22S7N2;No;No;200;No;No;0;0;0009;0;-2147483648;2147483647;0;0;Off;0;1;Off;0;1;Off;0;1;Off;0;1;Off;0;1;Off;0;1;0;Off;0;1;Min;-2147483648;2147483647;Linear;A16FAST;No;DB1093.DBD576;No;P21 : Température boucle eau froid BA01;0;0;0;0;0;0;0;0;;;;;;;;
A16_TT_0131;A16_Variables_G1;DP22S7N3;No;No;200;No;No;0;0;0010;0;-2147483648;2147483647;0;0;Off;0;1;Off;0;1;Off;0;1;Off;0;1;Off;0;1;Off;0;1;0;Off;0;1;Min;-2147483648;2147483647;Linear;A16FAST;No;DB1093.DBD640;No;P21 : Température entrée boucle section 2eme traitement HE2;0;0;0;0;0;0;0;0;;;;;;;;
A16_TT_0132;A16_Variables_G1;DP22S7N4;No;No;200;No;No;0;0;0011;0;-2147483648;2147483647;0;0;Off;0;1;Off;0;1;Off;0;1;Off;0;1;Off;0;1;Off;0;1;0;Off;0;1;Min;-2147483648;2147483647;Linear;A16FAST;No;DB1093.DBD704;No;P21 : Température sortie boucle section 2eme traitement HE2;0;0;0;0;0;0;0;0;;;;;;;;
A16_TT_0161;A16_Variables_G1;DP22S7N5;No;No;200;No;No;0;0;0012;0;-2147483648;2147483647;0;0;Off;0;1;Off;0;1;Off;0;1;Off;0;1;Off;0;1;Off;0;1;0;Off;0;1;Min;-2147483648;2147483647;Linear;A16FAST;No;DB1093.DBD768;No;CR01 : Température cuve récupération;0;0;0;0;0;0;0;0;;;;;;;;
A16_TT_1021;A16_Variables_G1;DP22S7N6;No;No;200;No;No;0;0;0013;0;-2147483648;2147483647;0;0;Off;0;1;Off;0;1;Off;0;1;Off;0;1;Off;0;1;Off;0;1;0;Off;0;1;Min;-2147483648;2147483647;Linear;A16FAST;No;DB1093.DBD832;No;LRM21 : Température arrivée produit;0;0;0;0;0;0;0;0;;;;;;;;
A16_TT_2100;A16_Variables_G1;DP22S7N7;No;No;200;No;No;0;0;0014;0;-2147483648;2147483647;0;0;Off;0;1;Off;0;1;Off;0;1;Off;0;1;Off;0;1;Off;0;1;0;Off;0;1;Min;-2147483648;2147483647;Linear;A16FAST;No;DB1093.DBD896;No;TTJ11 : Température cuve;0;0;0;0;0;0;0;0;;;;;;;;
A16_TT_2160;A16_Variables_G1;DP22S7N8;No;No;200;No;No;0;0;0015;0;-2147483648;2147483647;0;0;Off;0;1;Off;0;1;Off;0;1;Off;0;1;Off;0;1;Off;0;1;0;Off;0;1;Min;-2147483648;2147483647;Linear;A16FAST;No;DB1093.DBD960;No;TTJ11 : Température stérilisation circuit air;0;0;0;0;0;0;0;0;;;;;;;;
A16_TT_2200;A16_Variables_G1;DP22S8N0;No;No;200;No;No;0;0;0016;0;-2147483648;2147483647;0;0;Off;0;1;Off;0;1;Off;0;1;Off;0;1;Off;0;1;Off;0;1;0;Off;0;1;Min;-2147483648;2147483647;Linear;A16FAST;No;DB1093.DBD1024;No;TTJ12 : Température cuve;0;0;0;0;0;0;0;0;;;;;;;;
A16_TT_2260;A16_Variables_G1;DP22S8N2;No;No;200;No;No;0;0;0017;0;-2147483648;2147483647;0;0;Off;0;1;Off;0;1;Off;0;1;Off;0;1;Off;0;1;Off;0;1;0;Off;0;1;Min;-2147483648;2147483647;Linear;A16FAST;No;DB1093.DBD1088;No;TTJ12 : Température stérilisation circuit air;0;0;0;0;0;0;0;0;;;;;;;;
A16_TT_8822;A16_Variables_G1;DP22S8N3;No;No;200;No;No;0;0;0018;0;-2147483648;2147483647;0;0;Off;0;1;Off;0;1;Off;0;1;Off;0;1;Off;0;1;Off;0;1;0;Off;0;1;Min;-2147483648;2147483647;Linear;A16FAST;No;DB1093.DBD1152;No;LSO22 : Température soutirage;0;0;0;0;0;0;0;0;;;;;;;;
A16_PT_0102;A16_Variables_G1;DP22S8N4;No;No;200;No;No;0;0;0019;0;-2147483648;2147483647;0;0;Off;0;1;Off;0;1;Off;0;1;Off;0;1;Off;0;1;Off;0;1;0;Off;0;1;Min;-2147483648;2147483647;Linear;A16FAST;No;DB1093.DBD1216;No;P21 : Pression haut dégazeur DA01;0;0;0;0;0;0;0;0;;;;;;;;
A16_PT_0103;A16_Variables_G1;DP22S8N5;No;No;200;No;No;0;0;0020;0;-2147483648;2147483647;0;0;Off;0;1;Off;0;1;Off;0;1;Off;0;1;Off;0;1;Off;0;1;0;Off;0;1;Min;-2147483648;2147483647;Linear;A16FAST;No;DB1093.DBD1280;No;P21 : Pression bas dégazeur DA02;0;0;0;0;0;0;0;0;;;;;;;;
A16_PT_0104;A16_Variables_G1;DP22S8N6;No;No;200;No;No;0;0;0021;0;-2147483648;2147483647;0;0;Off;0;1;Off;0;1;Off;0;1;Off;0;1;Off;0;1;Off;0;1;0;Off;0;1;Min;-2147483648;2147483647;Linear;A16FAST;No;DB1093.DBD1344;No;P21 : Pression entrée section traitement;0;0;0;0;0;0;0;0;;;;;;;;
A16_PT_0107;A16_Variables_G1;DP22S8N7;No;No;200;No;No;0;0;0022;0;-2147483648;2147483647;0;0;Off;0;1;Off;0;1;Off;0;1;Off;0;1;Off;0;1;Off;0;1;0;Off;0;1;Min;-2147483648;2147483647;Linear;A16FAST;No;DB1093.DBD1408;No;P21 : Pression sortie appareil;0;0;0;0;0;0;0;0;;;;;;;;
A16_PT_0130;A16_Variables_G1;DP22S8N8;No;No;200;No;No;0;0;0023;0;-2147483648;2147483647;0;0;Off;0;1;Off;0;1;Off;0;1;Off;0;1;Off;0;1;Off;0;1;0;Off;0;1;Min;-2147483648;2147483647;Linear;A16FAST;No;DB1093.DBD1472;No;P21 : Pression arrivée vapeur;0;0;0;0;0;0;0;0;;;;;;;;
A16_PT_2100;A16_Variables_G1;DP22S9N0;No;No;200;No;No;0;0;0024;0;-2147483648;2147483647;0;0;Off;0;1;Off;0;1;Off;0;1;Off;0;1;Off;0;1;Off;0;1;0;Off;0;1;Min;-2147483648;2147483647;Linear;A16FAST;No;DB1093.DBD1536;No;TTJ11 : Pression arrivée d'air tank;0;0;0;0;0;0;0;0;;;;;;;;
A16_PT_2200;A16_Variables_G1;DP22S9N2;No;No;200;No;No;0;0;0025;0;-2147483648;2147483647;0;0;Off;0;1;Off;0;1;Off;0;1;Off;0;1;Off;0;1;Off;0;1;0;Off;0;1;Min;-2147483648;2147483647;Linear;A16FAST;No;DB1093.DBD1600;No;TTJ12 : Pression arrivée d'air tank;0;0;0;0;0;0;0;0;;;;;;;;
A16_CT_0101;A16_Variables_G1;DP22S9N3;No;No;200;No;No;0;0;0026;0;-2147483648;2147483647;0;0;Off;0;1;Off;0;1;Off;0;1;Off;0;1;Off;0;1;Off;0;1;0;Off;0;1;Min;-2147483648;2147483647;Linear;A16FAST;No;DB1093.DBD1664;No;P21 : Conductivité sortie appareil;0;0;0;0;0;0;0;0;;;;;;;;
A16_PT_0101;A16_Variables_G1;DP22S9N4;No;No;200;No;No;0;0;0027;0;-2147483648;2147483647;0;0;Off;0;1;Off;0;1;Off;0;1;Off;0;1;Off;0;1;Off;0;1;0;Off;0;1;Min;-2147483648;2147483647;Linear;A16FAST;No;DB1093.DBD1728;No;P21 : Pression bas bac de lancement BL01;0;0;0;0;0;0;0;0;;;;;;;;
A16_PT_2101;A16_Variables_G1;DP22S9N5;No;No;200;No;No;0;0;0028;0;-2147483648;2147483647;0;0;Off;0;1;Off;0;1;Off;0;1;Off;0;1;Off;0;1;Off;0;1;0;Off;0;1;Min;-2147483648;2147483647;Linear;A16FAST;No;DB1093.DBD1792;No;TTJ11 : Pression fond tank;0;0;0;0;0;0;0;0;;;;;;;;
A16_PT_2201;A16_Variables_G1;DP22S9N6;No;No;200;No;No;0;0;0029;0;-2147483648;2147483647;0;0;Off;0;1;Off;0;1;Off;0;1;Off;0;1;Off;0;1;Off;0;1;0;Off;0;1;Min;-2147483648;2147483647;Linear;A16FAST;No;DB1093.DBD1856;No;TTJ12 : Pression fond tank;0;0;0;0;0;0;0;0;;;;;;;;
A16_TT_0100;A16_Variables_G1;DP22S9N7;No;No;200;No;No;0;0;0030;0;-2147483648;2147483647;0;0;Off;0;1;Off;0;1;Off;0;1;Off;0;1;Off;0;1;Off;0;1;0;Off;0;1;Min;-2147483648;2147483647;Linear;A16FAST;No;DB1093.DBD1920;No;P21 : Température BL01;0;0;0;0;0;0;0;0;;;;;;;;
A16_TT_0162;A16_Variables_G1;DP22S9N8;No;No;200;No;No;0;0;0031;0;-2147483648;2147483647;0;0;Off;0;1;Off;0;1;Off;0;1;Off;0;1;Off;0;1;Off;0;1;0;Off;0;1;Min;-2147483648;2147483647;Linear;A16FAST;No;DB1093.DBD1984;No;CR01 : Température retour eau glacée;0;0;0;0;0;0;0;0;;;;;;;;
A16_PT_0161;A16_Variables_G1;DP22S10N0;No;No;200;No;No;0;0;0032;0;-2147483648;2147483647;0;0;Off;0;1;Off;0;1;Off;0;1;Off;0;1;Off;0;1;Off;0;1;0;Off;0;1;Min;-2147483648;2147483647;Linear;A16FAST;No;DB1093.DBD2048;No;CR01 : Pression bas cuve recupération;0;0;0;0;0;0;0;0;;;;;;;;
A16_FT_0111;A16_Variables_G1;DP22S10N2;No;No;200;No;No;0;0;0033;0;-2147483648;2147483647;0;0;Off;0;1;Off;0;1;Off;0;1;Off;0;1;Off;0;1;Off;0;1;0;Off;0;1;Min;-2147483648;2147483647;Linear;A16FAST;No;DB1093.DBD2112;No;P21 : Débit boucle section 1er traitement HE01;0;0;0;0;0;0;0;0;;;;;;;;
A16_FT_0131;A16_Variables_G1;DP22S10N3;No;No;200;No;No;0;0;0034;0;-2147483648;2147483647;0;0;Off;0;1;Off;0;1;Off;0;1;Off;0;1;Off;0;1;Off;0;1;0;Off;0;1;Min;-2147483648;2147483647;Linear;A16FAST;No;DB1093.DBD2176;No;P21 : Débit boucle section 2eme traitement HE2;0;0;0;0;0;0;0;0;;;;;;;;
A16_FT_0141;A16_Variables_G1;DP22S10N4;No;No;200;No;No;0;0;0035;0;-2147483648;2147483647;0;0;Off;0;1;Off;0;1;Off;0;1;Off;0;1;Off;0;1;Off;0;1;0;Off;0;1;Min;-2147483648;2147483647;Linear;A16FAST;No;DB1093.DBD2240;No;P21 : Débit injection soude/acide concentrée;0;0;0;0;0;0;0;0;;;;;;;;
A16_FT_8822;A16_Variables_G1;DP22S10N5;No;No;200;No;No;0;0;0036;0;-2147483648;2147483647;0;0;Off;0;1;Off;0;1;Off;0;1;Off;0;1;Off;0;1;Off;0;1;0;Off;0;1;Min;-2147483648;2147483647;Linear;A16FAST;No;DB1093.DBD2304;No;LSO22 : Débit soutirage;0;0;0;0;0;0;0;0;;;;;;;;
A16_FT_0101;A16_Variables_G1;DP22S10N6;No;No;200;No;No;0;0;0037;0;-2147483648;2147483647;0;0;Off;0;1;Off;0;1;Off;0;1;Off;0;1;Off;0;1;Off;0;1;0;Off;0;1;Min;-2147483648;2147483647;Linear;A16FAST;No;DB1093.DBD2368;No;P21 : Débit sortie appareil;0;0;0;0;0;0;0;0;;;;;;;;
A16_TT_1200;A16_Variables_G1;DP11S6N1;No;No;200;No;No;0;0;0038;0;-2147483648;2147483647;0;0;Off;0;1;Off;0;1;Off;0;1;Off;0;1;Off;0;1;Off;0;1;0;Off;0;1;Min;-2147483648;2147483647;Linear;A16FAST;No;DB1093.DBD2432;No;TTJ2 : Température cuve;0;0;0;0;0;0;0;0;;;;;;;;
A16_TT_1260;A16_Variables_G1;DP11S6N2;No;No;200;No;No;0;0;0039;0;-2147483648;2147483647;0;0;Off;0;1;Off;0;1;Off;0;1;Off;0;1;Off;0;1;Off;0;1;0;Off;0;1;Min;-2147483648;2147483647;Linear;A16FAST;No;DB1093.DBD2496;No;TTJ2 : Température stérilisation circuit air;0;0;0;0;0;0;0;0;;;;;;;;
A16_PT_1100;A16_Variables_G1;DP11S6N3;No;No;200;No;No;0;0;0040;0;-2147483648;2147483647;0;0;Off;0;1;Off;0;1;Off;0;1;Off;0;1;Off;0;1;Off;0;1;0;Off;0;1;Min;-2147483648;2147483647;Linear;A16FAST;No;DB1093.DBD2560;No;TTJ1 : Pression arrivée d'air tank;0;0;0;0;0;0;0;0;;;;;;;;
A16_PT_1201;A16_Variables_G1;DP11S6N4;No;No;200;No;No;0;0;0041;0;-2147483648;2147483647;0;0;Off;0;1;Off;0;1;Off;0;1;Off;0;1;Off;0;1;Off;0;1;0;Off;0;1;Min;-2147483648;2147483647;Linear;A16FAST;No;DB1093.DBD2624;No;TTJ2 : Pression fond tank;0;0;0;0;0;0;0;0;;;;;;;;
A16_PT_1200;A16_Variables_G1;DP11S6N5;No;No;200;No;No;0;0;0042;0;-2147483648;2147483647;0;0;Off;0;1;Off;0;1;Off;0;1;Off;0;1;Off;0;1;Off;0;1;0;Off;0;1;Min;-2147483648;2147483647;Linear;A16FAST;No;DB1093.DBD2688;No;TTJ2 : Pression arrivée d'air tank;0;0;0;0;0;0;0;0;;;;;;;;
A16_PT_1101;A16_Variables_G1;DP11S6N6;No;No;200;No;No;0;0;0043;0;-2147483648;2147483647;0;0;Off;0;1;Off;0;1;Off;0;1;Off;0;1;Off;0;1;Off;0;1;0;Off;0;1;Min;-2147483648;2147483647;Linear;A16FAST;No;DB1093.DBD2752;No;TTJ1 : Pression fond tank;0;0;0;0;0;0;0;0;;;;;;;;
A16_TT_1400;A16_Variables_G1;DP11S6N7;No;No;200;No;No;0;0;0044;0;-2147483648;2147483647;0;0;Off;0;1;Off;0;1;Off;0;1;Off;0;1;Off;0;1;Off;0;1;0;Off;0;1;Min;-2147483648;2147483647;Linear;A16FAST;No;DB1093.DBD2816;No;TTJ4 : Température cuve;0;0;0;0;0;0;0;0;;;;;;;;
A16_TT_1460;A16_Variables_G1;DP11S6N8;No;No;200;No;No;0;0;0045;0;-2147483648;2147483647;0;0;Off;0;1;Off;0;1;Off;0;1;Off;0;1;Off;0;1;Off;0;1;0;Off;0;1;Min;-2147483648;2147483647;Linear;A16FAST;No;DB1093.DBD2880;No;TTJ4 : Température stérilisation circuit air;0;0;0;0;0;0;0;0;;;;;;;;
A16_PT_1400;A16_Variables_G1;DP11S7N1;No;No;200;No;No;0;0;0046;0;-2147483648;2147483647;0;0;Off;0;1;Off;0;1;Off;0;1;Off;0;1;Off;0;1;Off;0;1;0;Off;0;1;Min;-2147483648;2147483647;Linear;A16FAST;No;DB1093.DBD2944;No;TTJ4 : Pression arrivée d'air tank;0;0;0;0;0;0;0;0;;;;;;;;
A16_PT_1401;A16_Variables_G1;DP11S7N2;No;No;200;No;No;0;0;0047;0;-2147483648;2147483647;0;0;Off;0;1;Off;0;1;Off;0;1;Off;0;1;Off;0;1;Off;0;1;0;Off;0;1;Min;-2147483648;2147483647;Linear;A16FAST;No;DB1093.DBD3008;No;TTJ4 : Pression fond tank;0;0;0;0;0;0;0;0;;;;;;;;
A16_TT_1100;A16_Variables_G1;DP11S7N5;No;No;200;No;No;0;0;0048;0;-2147483648;2147483647;0;0;Off;0;1;Off;0;1;Off;0;1;Off;0;1;Off;0;1;Off;0;1;0;Off;0;1;Min;-2147483648;2147483647;Linear;A16FAST;No;DB1093.DBD3072;No;TTJ1 : Température cuve;0;0;0;0;0;0;0;0;;;;;;;;
A16_TT_1160;A16_Variables_G1;DP11S7N6;No;No;200;No;No;0;0;0049;0;-2147483648;2147483647;0;0;Off;0;1;Off;0;1;Off;0;1;Off;0;1;Off;0;1;Off;0;1;0;Off;0;1;Min;-2147483648;2147483647;Linear;A16FAST;No;DB1093.DBD3136;No;TTJ1 : Température stérilisation circuit air;0;0;0;0;0;0;0;0;;;;;;;;
A16_TT_1300;A16_Variables_G1;DP11S8N1;No;No;200;No;No;0;0;0050;0;-2147483648;2147483647;0;0;Off;0;1;Off;0;1;Off;0;1;Off;0;1;Off;0;1;Off;0;1;0;Off;0;1;Min;-2147483648;2147483647;Linear;A16FAST;No;DB1093.DBD3200;No;TTJ3 : Température cuve;0;0;0;0;0;0;0;0;;;;;;;;
A16_TT_1360;A16_Variables_G1;DP11S8N2;No;No;200;No;No;0;0;0051;0;-2147483648;2147483647;0;0;Off;0;1;Off;0;1;Off;0;1;Off;0;1;Off;0;1;Off;0;1;0;Off;0;1;Min;-2147483648;2147483647;Linear;A16FAST;No;DB1093.DBD3264;No;TTJ3 : Température stérilisation circuit air;0;0;0;0;0;0;0;0;;;;;;;;
A16_PT_1300;A16_Variables_G1;DP11S8N3;No;No;200;No;No;0;0;0052;0;-2147483648;2147483647;0;0;Off;0;1;Off;0;1;Off;0;1;Off;0;1;Off;0;1;Off;0;1;0;Off;0;1;Min;-2147483648;2147483647;Linear;A16FAST;No;DB1093.DBD3328;No;TTJ3 : Pression arrivée d'air tank;0;0;0;0;0;0;0;0;;;;;;;;
A16_PT_1301;A16_Variables_G1;DP11S8N4;No;No;200;No;No;0;0;0053;0;-2147483648;2147483647;0;0;Off;0;1;Off;0;1;Off;0;1;Off;0;1;Off;0;1;Off;0;1;0;Off;0;1;Min;-2147483648;2147483647;Linear;A16FAST;No;DB1093.DBD3392;No;TTJ3 : Pression fond tank;0;0;0;0;0;0;0;0;;;;;;;;
A16_FT_8817;A16_Variables_G1;DP11S8N5;No;No;200;No;No;0;0;0054;0;-2147483648;2147483647;0;0;Off;0;1;Off;0;1;Off;0;1;Off;0;1;Off;0;1;Off;0;1;0;Off;0;1;Min;-2147483648;2147483647;Linear;A16FAST;No;DB1093.DBD3456;No;LSO17 : Débit ligne soutirage;0;0;0;0;0;0;0;0;;;;;;;;
A16_FT_8812;A16_Variables_G1;DP11S8N8;No;No;200;No;No;0;0;0055;0;-2147483648;2147483647;0;0;Off;0;1;Off;0;1;Off;0;1;Off;0;1;Off;0;1;Off;0;1;0;Off;0;1;Min;-2147483648;2147483647;Linear;A16FAST;No;DB1093.DBD3520;No;LRM12 : Débit ligne remplissage;0;0;0;0;0;0;0;0;;;;;;;;
A16_LT_8816;A16_Variables_G1;DP5S8N1;No;No;200;No;No;0;0;0056;0;-2147483648;2147483647;0;0;Off;0;1;Off;0;1;Off;0;1;Off;0;1;Off;0;1;Off;0;1;0;Off;0;1;Min;-2147483648;2147483647;Linear;A16FAST;No;DB1093.DBD3584;No;TTOP1/L2 : Niveau trémie;0;0;0;0;0;0;0;0;;;;;;;;
A16_LT_0101;A16_Variables_G2;CALC;No;No;200;No;No;0;0;0057;0;-2147483648;2147483647;0;0;Off;0;1;Off;0;1;Off;0;1;Off;0;1;Off;0;1;Off;0;1;0;Off;0;1;Min;-2147483648;2147483647;Linear;A16FAST;No;DB1093.DBD3648;No;P21 : Niveau bac de lancement BL01;0;0;0;0;0;0;0;0;;;;;;;;
A16_LT_0102;A16_Variables_G2;CALC;No;No;200;No;No;0;0;0058;0;-2147483648;2147483647;0;0;Off;0;1;Off;0;1;Off;0;1;Off;0;1;Off;0;1;Off;0;1;0;Off;0;1;Min;-2147483648;2147483647;Linear;A16FAST;No;DB1093.DBD3712;No;P21 : Niveau dégazeur DA01;0;0;0;0;0;0;0;0;;;;;;;;
A16_LT_0161;A16_Variables_G2;CALC;No;No;200;No;No;0;0;0059;0;-2147483648;2147483647;0;0;Off;0;1;Off;0;1;Off;0;1;Off;0;1;Off;0;1;Off;0;1;0;Off;0;1;Min;-2147483648;2147483647;Linear;A16FAST;No;DB1093.DBD3776;No;CR01 : Niveau cuve recupération;0;0;0;0;0;0;0;0;;;;;;;;
A16_LT_1100;A16_Variables_G1;CALC;No;No;200;No;No;0;0;0060;0;-2147483648;2147483647;0;0;Off;0;1;Off;0;1;Off;0;1;Off;0;1;Off;0;1;Off;0;1;0;Off;0;1;Min;-2147483648;2147483647;Linear;A16FAST;No;DB1093.DBD3840;No;TTJ2 : Niveau cuve;0;0;0;0;0;0;0;0;;;;;;;;
A16_LT_1200;A16_Variables_G1;CALC;No;No;200;No;No;0;0;0061;0;-2147483648;2147483647;0;0;Off;0;1;Off;0;1;Off;0;1;Off;0;1;Off;0;1;Off;0;1;0;Off;0;1;Min;-2147483648;2147483647;Linear;A16FAST;No;DB1093.DBD3904;No;TTJ1 : Niveau cuve;0;0;0;0;0;0;0;0;;;;;;;;
A16_LT_1300;A16_Variables_G1;CALC;No;No;200;No;No;0;0;0062;0;-2147483648;2147483647;0;0;Off;0;1;Off;0;1;Off;0;1;Off;0;1;Off;0;1;Off;0;1;0;Off;0;1;Min;-2147483648;2147483647;Linear;A16FAST;No;DB1093.DBD3968;No;TTJ3 : Niveau cuve;0;0;0;0;0;0;0;0;;;;;;;;
A16_LT_1400;A16_Variables_G1;CALC;No;No;200;No;No;0;0;0063;0;-2147483648;2147483647;0;0;Off;0;1;Off;0;1;Off;0;1;Off;0;1;Off;0;1;Off;0;1;0;Off;0;1;Min;-2147483648;2147483647;Linear;A16FAST;No;DB1093.DBD4032;No;TTJ4 : Niveau cuve ;0;0;0;0;0;0;0;0;;;;;;;;
A16_LT_2100;A16_Variables_G3;CALC;No;No;200;No;No;0;0;0064;0;-2147483648;2147483647;0;0;Off;0;1;Off;0;1;Off;0;1;Off;0;1;Off;0;1;Off;0;1;0;Off;0;1;Min;-2147483648;2147483647;Linear;A16FAST;No;DB1093.DBD4096;No;TTJ11 : Niveau cuve;0;0;0;0;0;0;0;0;;;;;;;;
A16_LT_2200;A16_Variables_G3;CALC;No;No;200;No;No;0;0;0065;0;-2147483648;2147483647;0;0;Off;0;1;Off;0;1;Off;0;1;Off;0;1;Off;0;1;Off;0;1;0;Off;0;1;Min;-2147483648;2147483647;Linear;A16FAST;No;DB1093.DBD4160;No;TTJ12 : Niveau cuve;0;0;0;0;0;0;0;0;;;;;;;;
;;;;;;;;;;;;;;;;;;;;;;;;;;;;;;;;;;;;;;;;;;;;;;;;;;;;;;;;;;;;;;
:IOReal;Group;Comment;Logged;EventLogged;EventLoggingPriority;RetentiveValue;RetentiveAlarmParameters;AlarmValueDeadband;AlarmDevDeadband;EngUnits;InitialValue;MinEU;MaxEU;Deadband;LogDeadband;LoLoAlarmState;LoLoAlarmValue;LoLoAlarmPri;LoAlarmState;LoAlarmValue;LoAlarmPri;HiAlarmState;HiAlarmValue;HiAlarmPri;HiHiAlarmState;HiHiAlarmValue;HiHiAlarmPri;MinorDevAlarmState;MinorDevAlarmValue;MinorDevAlarmPri;MajorDevAlarmState;MajorDevAlarmValue;MajorDevAlarmPri;DevTarget;ROCAlarmState;ROCAlarmValue;ROCAlarmPri;ROCTimeBase;MinRaw;MaxRaw;Conversion;AccessName;ItemUseTagname;ItemName;ReadOnly;AlarmComment;AlarmAckModel;LoLoAlarmDisable;LoAlarmDisable;HiAlarmDisable;HiHiAlarmDisable;MinDevAlarmDisable;MajDevAlarmDisable;RocAlarmDisable;LoLoAlarmInhibitor;LoAlarmInhibitor;HiAlarmInhibitor;HiHiAlarmInhibitor;MinDevAlarmInhibitor;MajDevAlarmInhibitor;RocAlarmInhibitor;SymbolicName
A16_AI_0000_Value;A16_Variables;EW000;Yes;No;0;No;No;0;0;mbar;0;-9999;9999;0;0.0099;Off;0;1;Off;0;1;Off;0;1;Off;0;1;Off;0;1;Off;0;1;0;Off;0;1;Min;-9999;9999;Linear;A16FAST;No;DB1093.DBD10F;No;xx : Dummy object;0;0;0;0;0;0;0;0;;;;;;;;
A16_TT_0101_Value;A16_Variables_G1;EW512;Yes;No;0;No;No;0;0;°C;0;-10;200;0;0.0099;Off;0;1;Off;0;1;Off;0;1;Off;0;1;Off;0;1;Off;0;1;0;Off;0;1;Min;-10;200;Linear;A16FAST;No;DB1093.DBD74F;No;P21 : Température entrée appareil;0;0;0;0;0;0;0;0;;;;;;;;
A16_TT_0102_Value;A16_Variables_G1;EW514;Yes;No;0;No;No;0;0;°C;0;-10;200;0;0.0099;Off;0;1;Off;0;1;Off;0;1;Off;0;1;Off;0;1;Off;0;1;0;Off;0;1;Min;-10;200;Linear;A16FAST;No;DB1093.DBD138F;No;P21 : Température sortie section 1er traitement HE01;0;0;0;0;0;0;0;0;;;;;;;;
A16_TT_0103_Value;A16_Variables_G1;EW516;Yes;No;0;No;No;0;0;°C;0;-10;200;0;0.0099;Off;0;1;Off;0;1;Off;0;1;Off;0;1;Off;0;1;Off;0;1;0;Off;0;1;Min;-10;200;Linear;A16FAST;No;DB1093.DBD202F;No;P21 : Température sortie dégazeur DA01;0;0;0;0;0;0;0;0;;;;;;;;
A16_TT_0105_Value;A16_Variables_G1;EW518;Yes;No;0;No;No;0;0;°C;0;-10;200;0;0.0099;Off;0;1;Off;0;1;Off;0;1;Off;0;1;Off;0;1;Off;0;1;0;Off;0;1;Min;-10;200;Linear;A16FAST;No;DB1093.DBD266F;No;P21 : Température sortie section 2eme traitement HE2;0;0;0;0;0;0;0;0;;;;;;;;
A16_TT_0106_Value;A16_Variables_G1;EW520;Yes;No;0;No;No;0;0;°C;0;-10;200;0;0.0099;Off;0;1;Off;0;1;Off;0;1;Off;0;1;Off;0;1;Off;0;1;0;Off;0;1;Min;-10;200;Linear;A16FAST;No;DB1093.DBD330F;No;P21 : Température sortie chambrage traitement;0;0;0;0;0;0;0;0;;;;;;;;
A16_TT_0107_Value;A16_Variables_G1;EW522;Yes;No;0;No;No;0;0;°C;0;-10;200;0;0.0099;Off;0;1;Off;0;1;Off;0;1;Off;0;1;Off;0;1;Off;0;1;0;Off;0;1;Min;-10;200;Linear;A16FAST;No;DB1093.DBD394F;No;P21 : Température sortie appareil;0;0;0;0;0;0;0;0;;;;;;;;
A16_TT_0111_Value;A16_Variables_G1;EW524;Yes;No;0;No;No;0;0;°C;0;-10;200;0;0.0099;Off;0;1;Off;0;1;Off;0;1;Off;0;1;Off;0;1;Off;0;1;0;Off;0;1;Min;-10;200;Linear;A16FAST;No;DB1093.DBD458F;No;P21 : Température entrée boucle section 1er traitement HE01;0;0;0;0;0;0;0;0;;;;;;;;
A16_TT_0112_Value;A16_Variables_G1;EW526;Yes;No;0;No;No;0;0;°C;0;-10;200;0;0.0099;Off;0;1;Off;0;1;Off;0;1;Off;0;1;Off;0;1;Off;0;1;0;Off;0;1;Min;-10;200;Linear;A16FAST;No;DB1093.DBD522F;No;P21 : Température sortie boucle section 1er traitement HE01;0;0;0;0;0;0;0;0;;;;;;;;
A16_TT_0121_Value;A16_Variables_G1;EW528;Yes;No;0;No;No;0;0;°C;0;-10;200;0;0.0099;Off;0;1;Off;0;1;Off;0;1;Off;0;1;Off;0;1;Off;0;1;0;Off;0;1;Min;-10;200;Linear;A16FAST;No;DB1093.DBD586F;No;P21 : Température boucle eau froid BA01;0;0;0;0;0;0;0;0;;;;;;;;
A16_TT_0131_Value;A16_Variables_G1;EW530;Yes;No;0;No;No;0;0;°C;0;-10;200;0;0.0099;Off;0;1;Off;0;1;Off;0;1;Off;0;1;Off;0;1;Off;0;1;0;Off;0;1;Min;-10;200;Linear;A16FAST;No;DB1093.DBD650F;No;P21 : Température entrée boucle section 2eme traitement HE2;0;0;0;0;0;0;0;0;;;;;;;;
A16_TT_0132_Value;A16_Variables_G1;EW532;Yes;No;0;No;No;0;0;°C;0;-10;200;0;0.0099;Off;0;1;Off;0;1;Off;0;1;Off;0;1;Off;0;1;Off;0;1;0;Off;0;1;Min;-10;200;Linear;A16FAST;No;DB1093.DBD714F;No;P21 : Température sortie boucle section 2eme traitement HE2;0;0;0;0;0;0;0;0;;;;;;;;
A16_TT_0161_Value;A16_Variables_G1;EW534;Yes;No;0;No;No;0;0;°C;0;-10;200;0;0.0099;Off;0;1;Off;0;1;Off;0;1;Off;0;1;Off;0;1;Off;0;1;0;Off;0;1;Min;-10;200;Linear;A16FAST;No;DB1093.DBD778F;No;CR01 : Température cuve récupération;0;0;0;0;0;0;0;0;;;;;;;;
A16_TT_1021_Value;A16_Variables_G1;EW536;Yes;No;0;No;No;0;0;°C;0;-10;200;0;0.0099;Off;0;1;Off;0;1;Off;0;1;Off;0;1;Off;0;1;Off;0;1;0;Off;0;1;Min;-10;200;Linear;A16FAST;No;DB1093.DBD842F;No;LRM21 : Température arrivée produit;0;0;0;0;0;0;0;0;;;;;;;;
A16_TT_2100_Value;A16_Variables_G1;EW538;Yes;No;0;No;No;0;0;°C;0;-10;200;0;0.0099;Off;0;1;Off;0;1;Off;0;1;Off;0;1;Off;0;1;Off;0;1;0;Off;0;1;Min;-10;200;Linear;A16FAST;No;DB1093.DBD906F;No;TTJ11 : Température cuve;0;0;0;0;0;0;0;0;;;;;;;;
A16_TT_2160_Value;A16_Variables_G1;EW540;Yes;No;0;No;No;0;0;°C;0;-10;200;0;0.0099;Off;0;1;Off;0;1;Off;0;1;Off;0;1;Off;0;1;Off;0;1;0;Off;0;1;Min;-10;200;Linear;A16FAST;No;DB1093.DBD970F;No;TTJ11 : Température stérilisation circuit air;0;0;0;0;0;0;0;0;;;;;;;;
A16_TT_2200_Value;A16_Variables_G1;EW542;Yes;No;0;No;No;0;0;°C;0;-10;200;0;0.0099;Off;0;1;Off;0;1;Off;0;1;Off;0;1;Off;0;1;Off;0;1;0;Off;0;1;Min;-10;200;Linear;A16FAST;No;DB1093.DBD1034F;No;TTJ12 : Température cuve;0;0;0;0;0;0;0;0;;;;;;;;
A16_TT_2260_Value;A16_Variables_G1;EW544;Yes;No;0;No;No;0;0;°C;0;-10;200;0;0.0099;Off;0;1;Off;0;1;Off;0;1;Off;0;1;Off;0;1;Off;0;1;0;Off;0;1;Min;-10;200;Linear;A16FAST;No;DB1093.DBD1098F;No;TTJ12 : Température stérilisation circuit air;0;0;0;0;0;0;0;0;;;;;;;;
A16_TT_8822_Value;A16_Variables_G1;EW546;Yes;No;0;No;No;0;0;°C;0;-10;200;0;0.0099;Off;0;1;Off;0;1;Off;0;1;Off;0;1;Off;0;1;Off;0;1;0;Off;0;1;Min;-10;200;Linear;A16FAST;No;DB1093.DBD1162F;No;LSO22 : Température soutirage;0;0;0;0;0;0;0;0;;;;;;;;
A16_PT_0102_Value;A16_Variables_G1;EW548;Yes;No;0;No;No;0;0;mbar;0;-2000;2000;0;0.0099;Off;0;1;Off;0;1;Off;0;1;Off;0;1;Off;0;1;Off;0;1;0;Off;0;1;Min;-2000;2000;Linear;A16FAST;No;DB1093.DBD1226F;No;P21 : Pression haut dégazeur DA01;0;0;0;0;0;0;0;0;;;;;;;;
A16_PT_0103_Value;A16_Variables_G1;EW550;Yes;No;0;No;No;0;0;mbar;0;-2000;2000;0;0.0099;Off;0;1;Off;0;1;Off;0;1;Off;0;1;Off;0;1;Off;0;1;0;Off;0;1;Min;-2000;2000;Linear;A16FAST;No;DB1093.DBD1290F;No;P21 : Pression bas dégazeur DA02;0;0;0;0;0;0;0;0;;;;;;;;
A16_PT_0104_Value;A16_Variables_G1;EW552;Yes;No;0;No;No;0;0;bar;0;-10;30;0;0.0099;Off;0;1;Off;0;1;Off;0;1;Off;0;1;Off;0;1;Off;0;1;0;Off;0;1;Min;-10;30;Linear;A16FAST;No;DB1093.DBD1354F;No;P21 : Pression entrée section traitement;0;0;0;0;0;0;0;0;;;;;;;;
A16_PT_0107_Value;A16_Variables_G1;EW554;Yes;No;0;No;No;0;0;bar;0;-10;30;0;0.0099;Off;0;1;Off;0;1;Off;0;1;Off;0;1;Off;0;1;Off;0;1;0;Off;0;1;Min;-10;30;Linear;A16FAST;No;DB1093.DBD1418F;No;P21 : Pression sortie appareil;0;0;0;0;0;0;0;0;;;;;;;;
A16_PT_0130_Value;A16_Variables_G1;EW556;Yes;No;0;No;No;0;0;bar;0;-2000;2000;0;0.0099;Off;0;1;Off;0;1;Off;0;1;Off;0;1;Off;0;1;Off;0;1;0;Off;0;1;Min;-2000;2000;Linear;A16FAST;No;DB1093.DBD1482F;No;P21 : Pression arrivée vapeur;0;0;0;0;0;0;0;0;;;;;;;;
A16_PT_2100_Value;A16_Variables_G1;EW558;Yes;No;0;No;No;0;0;mbar;0;-2000;2000;0;0.0099;Off;0;1;Off;0;1;Off;0;1;Off;0;1;Off;0;1;Off;0;1;0;Off;0;1;Min;-2000;2000;Linear;A16FAST;No;DB1093.DBD1546F;No;TTJ11 : Pression arrivée d'air tank;0;0;0;0;0;0;0;0;;;;;;;;
A16_PT_2200_Value;A16_Variables_G1;EW560;Yes;No;0;No;No;0;0;mbar;0;-2000;2000;0;0.0099;Off;0;1;Off;0;1;Off;0;1;Off;0;1;Off;0;1;Off;0;1;0;Off;0;1;Min;-2000;2000;Linear;A16FAST;No;DB1093.DBD1610F;No;TTJ12 : Pression arrivée d'air tank;0;0;0;0;0;0;0;0;;;;;;;;
A16_CT_0101_Value;A16_Variables_G1;EW562;Yes;No;0;No;No;0;0;mS/cm;0;0;500;0;0.0099;Off;0;1;Off;0;1;Off;0;1;Off;0;1;Off;0;1;Off;0;1;0;Off;0;1;Min;0;500;Linear;A16FAST;No;DB1093.DBD1674F;No;P21 : Conductivité sortie appareil;0;0;0;0;0;0;0;0;;;;;;;;
A16_PT_0101_Value;A16_Variables_G1;EW564;Yes;No;0;No;No;0;0;mbar;0;-2000;2000;0;0.0099;Off;0;1;Off;0;1;Off;0;1;Off;0;1;Off;0;1;Off;0;1;0;Off;0;1;Min;-2000;2000;Linear;A16FAST;No;DB1093.DBD1738F;No;P21 : Pression bas bac de lancement BL01;0;0;0;0;0;0;0;0;;;;;;;;
A16_PT_2101_Value;A16_Variables_G1;EW566;Yes;No;0;No;No;0;0;mbar;0;-2000;2000;0;0.0099;Off;0;1;Off;0;1;Off;0;1;Off;0;1;Off;0;1;Off;0;1;0;Off;0;1;Min;-2000;2000;Linear;A16FAST;No;DB1093.DBD1802F;No;TTJ11 : Pression fond tank;0;0;0;0;0;0;0;0;;;;;;;;
A16_PT_2201_Value;A16_Variables_G1;EW568;Yes;No;0;No;No;0;0;mbar;0;-2000;2000;0;0.0099;Off;0;1;Off;0;1;Off;0;1;Off;0;1;Off;0;1;Off;0;1;0;Off;0;1;Min;-2000;2000;Linear;A16FAST;No;DB1093.DBD1866F;No;TTJ12 : Pression fond tank;0;0;0;0;0;0;0;0;;;;;;;;
A16_TT_0100_Value;A16_Variables_G1;EW570;Yes;No;0;No;No;0;0;°C;0;-10;200;0;0.0099;Off;0;1;Off;0;1;Off;0;1;Off;0;1;Off;0;1;Off;0;1;0;Off;0;1;Min;-10;200;Linear;A16FAST;No;DB1093.DBD1930F;No;P21 : Température BL01;0;0;0;0;0;0;0;0;;;;;;;;
A16_TT_0162_Value;A16_Variables_G1;EW572;Yes;No;0;No;No;0;0;°C;0;-10;200;0;0.0099;Off;0;1;Off;0;1;Off;0;1;Off;0;1;Off;0;1;Off;0;1;0;Off;0;1;Min;-10;200;Linear;A16FAST;No;DB1093.DBD1994F;No;CR01 : Température retour eau glacée;0;0;0;0;0;0;0;0;;;;;;;;
A16_PT_0161_Value;A16_Variables_G1;EW574;Yes;No;0;No;No;0;0;mbar;0;-2000;2000;0;0.0099;Off;0;1;Off;0;1;Off;0;1;Off;0;1;Off;0;1;Off;0;1;0;Off;0;1;Min;-2000;2000;Linear;A16FAST;No;DB1093.DBD2058F;No;CR01 : Pression bas cuve recupération;0;0;0;0;0;0;0;0;;;;;;;;
A16_FT_0111_Value;A16_Variables_G1;EW576;Yes;No;0;No;No;0;0;l/h;0;0;50000;0;0.0099;Off;0;1;Off;0;1;Off;0;1;Off;0;1;Off;0;1;Off;0;1;0;Off;0;1;Min;0;50000;Linear;A16FAST;No;DB1093.DBD2122F;No;P21 : Débit boucle section 1er traitement HE01;0;0;0;0;0;0;0;0;;;;;;;;
A16_FT_0131_Value;A16_Variables_G1;EW578;Yes;No;0;No;No;0;0;l/h;0;0;50000;0;0.0099;Off;0;1;Off;0;1;Off;0;1;Off;0;1;Off;0;1;Off;0;1;0;Off;0;1;Min;0;50000;Linear;A16FAST;No;DB1093.DBD2186F;No;P21 : Débit boucle section 2eme traitement HE2;0;0;0;0;0;0;0;0;;;;;;;;
A16_FT_0141_Value;A16_Variables_G1;EW580;Yes;No;0;No;No;0;0;l/h;0;0;50000;0;0.0099;Off;0;1;Off;0;1;Off;0;1;Off;0;1;Off;0;1;Off;0;1;0;Off;0;1;Min;0;50000;Linear;A16FAST;No;DB1093.DBD2250F;No;P21 : Débit injection soude/acide concentrée;0;0;0;0;0;0;0;0;;;;;;;;
A16_FT_8822_Value;A16_Variables_G1;EW582;Yes;No;0;No;No;0;0;l/h;0;0;50000;0;0.0099;Off;0;1;Off;0;1;Off;0;1;Off;0;1;Off;0;1;Off;0;1;0;Off;0;1;Min;0;50000;Linear;A16FAST;No;DB1093.DBD2314F;No;LSO22 : Débit soutirage;0;0;0;0;0;0;0;0;;;;;;;;
A16_FT_0101_Value;A16_Variables_G1;EW584;Yes;No;0;No;No;0;0;l/h;0;0;50000;0;0.0099;Off;0;1;Off;0;1;Off;0;1;Off;0;1;Off;0;1;Off;0;1;0;Off;0;1;Min;0;50000;Linear;A16FAST;No;DB1093.DBD2378F;No;P21 : Débit sortie appareil;0;0;0;0;0;0;0;0;;;;;;;;
A16_TT_1200_Value;A16_Variables_G1;EW210;Yes;No;0;No;No;0;0;°C;0;-10;200;0;0.0099;Off;0;1;Off;0;1;Off;0;1;Off;0;1;Off;0;1;Off;0;1;0;Off;0;1;Min;-10;200;Linear;A16FAST;No;DB1093.DBD2442F;No;TTJ2 : Température cuve;0;0;0;0;0;0;0;0;;;;;;;;
A16_TT_1260_Value;A16_Variables_G1;EW212;Yes;No;0;No;No;0;0;°C;0;-10;200;0;0.0099;Off;0;1;Off;0;1;Off;0;1;Off;0;1;Off;0;1;Off;0;1;0;Off;0;1;Min;-10;200;Linear;A16FAST;No;DB1093.DBD2506F;No;TTJ2 : Température stérilisation circuit air;0;0;0;0;0;0;0;0;;;;;;;;
A16_PT_1100_Value;A16_Variables_G1;EW214;Yes;No;0;No;No;0;0;mbar;0;-2000;2000;0;0.0099;Off;0;1;Off;0;1;Off;0;1;Off;0;1;Off;0;1;Off;0;1;0;Off;0;1;Min;-2000;2000;Linear;A16FAST;No;DB1093.DBD2570F;No;TTJ1 : Pression arrivée d'air tank;0;0;0;0;0;0;0;0;;;;;;;;
A16_PT_1201_Value;A16_Variables_G1;EW216;Yes;No;0;No;No;0;0;mbar;0;-2000;2000;0;0.0099;Off;0;1;Off;0;1;Off;0;1;Off;0;1;Off;0;1;Off;0;1;0;Off;0;1;Min;-2000;2000;Linear;A16FAST;No;DB1093.DBD2634F;No;TTJ2 : Pression fond tank;0;0;0;0;0;0;0;0;;;;;;;;
A16_PT_1200_Value;A16_Variables_G1;EW218;Yes;No;0;No;No;0;0;mbar;0;-2000;2000;0;0.0099;Off;0;1;Off;0;1;Off;0;1;Off;0;1;Off;0;1;Off;0;1;0;Off;0;1;Min;-2000;2000;Linear;A16FAST;No;DB1093.DBD2698F;No;TTJ2 : Pression arrivée d'air tank;0;0;0;0;0;0;0;0;;;;;;;;
A16_PT_1101_Value;A16_Variables_G1;EW220;Yes;No;0;No;No;0;0;mbar;0;-2000;2000;0;0.0099;Off;0;1;Off;0;1;Off;0;1;Off;0;1;Off;0;1;Off;0;1;0;Off;0;1;Min;-2000;2000;Linear;A16FAST;No;DB1093.DBD2762F;No;TTJ1 : Pression fond tank;0;0;0;0;0;0;0;0;;;;;;;;
A16_TT_1400_Value;A16_Variables_G1;EW222;Yes;No;0;No;No;0;0;°C;0;-10;200;0;0.0099;Off;0;1;Off;0;1;Off;0;1;Off;0;1;Off;0;1;Off;0;1;0;Off;0;1;Min;-10;200;Linear;A16FAST;No;DB1093.DBD2826F;No;TTJ4 : Température cuve;0;0;0;0;0;0;0;0;;;;;;;;
A16_TT_1460_Value;A16_Variables_G1;EW224;Yes;No;0;No;No;0;0;°C;0;-10;200;0;0.0099;Off;0;1;Off;0;1;Off;0;1;Off;0;1;Off;0;1;Off;0;1;0;Off;0;1;Min;-10;200;Linear;A16FAST;No;DB1093.DBD2890F;No;TTJ4 : Température stérilisation circuit air;0;0;0;0;0;0;0;0;;;;;;;;
A16_PT_1400_Value;A16_Variables_G1;EW226;Yes;No;0;No;No;0;0;mbar;0;-2000;2000;0;0.0099;Off;0;1;Off;0;1;Off;0;1;Off;0;1;Off;0;1;Off;0;1;0;Off;0;1;Min;-2000;2000;Linear;A16FAST;No;DB1093.DBD2954F;No;TTJ4 : Pression arrivée d'air tank;0;0;0;0;0;0;0;0;;;;;;;;
A16_PT_1401_Value;A16_Variables_G1;EW228;Yes;No;0;No;No;0;0;mbar;0;-2000;2000;0;0.0099;Off;0;1;Off;0;1;Off;0;1;Off;0;1;Off;0;1;Off;0;1;0;Off;0;1;Min;-2000;2000;Linear;A16FAST;No;DB1093.DBD3018F;No;TTJ4 : Pression fond tank;0;0;0;0;0;0;0;0;;;;;;;;
A16_TT_1100_Value;A16_Variables_G1;EW234;Yes;No;0;No;No;0;0;°C;0;-10;200;0;0.0099;Off;0;1;Off;0;1;Off;0;1;Off;0;1;Off;0;1;Off;0;1;0;Off;0;1;Min;-10;200;Linear;A16FAST;No;DB1093.DBD3082F;No;TTJ1 : Température cuve;0;0;0;0;0;0;0;0;;;;;;;;
A16_TT_1160_Value;A16_Variables_G1;EW236;Yes;No;0;No;No;0;0;°C;0;-10;200;0;0.0099;Off;0;1;Off;0;1;Off;0;1;Off;0;1;Off;0;1;Off;0;1;0;Off;0;1;Min;-10;200;Linear;A16FAST;No;DB1093.DBD3146F;No;TTJ1 : Température stérilisation circuit air;0;0;0;0;0;0;0;0;;;;;;;;
A16_TT_1300_Value;A16_Variables_G1;EW256;Yes;No;0;No;No;0;0;°C;0;-10;200;0;0.0099;Off;0;1;Off;0;1;Off;0;1;Off;0;1;Off;0;1;Off;0;1;0;Off;0;1;Min;-10;200;Linear;A16FAST;No;DB1093.DBD3210F;No;TTJ3 : Température cuve;0;0;0;0;0;0;0;0;;;;;;;;
A16_TT_1360_Value;A16_Variables_G1;EW258;Yes;No;0;No;No;0;0;°C;0;-10;200;0;0.0099;Off;0;1;Off;0;1;Off;0;1;Off;0;1;Off;0;1;Off;0;1;0;Off;0;1;Min;-10;200;Linear;A16FAST;No;DB1093.DBD3274F;No;TTJ3 : Température stérilisation circuit air;0;0;0;0;0;0;0;0;;;;;;;;
A16_PT_1300_Value;A16_Variables_G1;EW260;Yes;No;0;No;No;0;0;mbar;0;-2000;2000;0;0.0099;Off;0;1;Off;0;1;Off;0;1;Off;0;1;Off;0;1;Off;0;1;0;Off;0;1;Min;-2000;2000;Linear;A16FAST;No;DB1093.DBD3338F;No;TTJ3 : Pression arrivée d'air tank;0;0;0;0;0;0;0;0;;;;;;;;
A16_PT_1301_Value;A16_Variables_G1;EW262;Yes;No;0;No;No;0;0;mbar;0;-2000;2000;0;0.0099;Off;0;1;Off;0;1;Off;0;1;Off;0;1;Off;0;1;Off;0;1;0;Off;0;1;Min;-2000;2000;Linear;A16FAST;No;DB1093.DBD3402F;No;TTJ3 : Pression fond tank;0;0;0;0;0;0;0;0;;;;;;;;
A16_FT_8817_Value;A16_Variables_G1;EW264;Yes;No;0;No;No;0;0;l/h;0;0;50000;0;0.0099;Off;0;1;Off;0;1;Off;0;1;Off;0;1;Off;0;1;Off;0;1;0;Off;0;1;Min;0;50000;Linear;A16FAST;No;DB1093.DBD3466F;No;LSO17 : Débit ligne soutirage;0;0;0;0;0;0;0;0;;;;;;;;
A16_FT_8812_Value;A16_Variables_G1;EW270;Yes;No;0;No;No;0;0;l/h;0;0;50000;0;0.0099;Off;0;1;Off;0;1;Off;0;1;Off;0;1;Off;0;1;Off;0;1;0;Off;0;1;Min;0;50000;Linear;A16FAST;No;DB1093.DBD3530F;No;LRM12 : Débit ligne remplissage;0;0;0;0;0;0;0;0;;;;;;;;
A16_LT_8816_Value;A16_Variables_G1;EW336;Yes;No;0;No;No;0;0;%;0;0;100;0;0.0099;Off;0;1;Off;0;1;Off;0;1;Off;0;1;Off;0;1;Off;0;1;0;Off;0;1;Min;0;100;Linear;A16FAST;No;DB1093.DBD3594F;No;TTOP1/L2 : Niveau trémie;0;0;0;0;0;0;0;0;;;;;;;;
A16_LT_0101_Value;A16_Variables_G2;CALC;Yes;No;0;No;No;0;0;L;0;0;10000;0;0.0099;Off;0;1;Off;0;1;Off;0;1;Off;0;1;Off;0;1;Off;0;1;0;Off;0;1;Min;0;10000;Linear;A16FAST;No;DB1093.DBD3658F;No;P21 : Niveau bac de lancement BL01;0;0;0;0;0;0;0;0;;;;;;;;
A16_LT_0102_Value;A16_Variables_G2;CALC;Yes;No;0;No;No;0;0;cm;0;0;500;0;0.0099;Off;0;1;Off;0;1;Off;0;1;Off;0;1;Off;0;1;Off;0;1;0;Off;0;1;Min;0;500;Linear;A16FAST;No;DB1093.DBD3722F;No;P21 : Niveau dégazeur DA01;0;0;0;0;0;0;0;0;;;;;;;;
A16_LT_0161_Value;A16_Variables_G2;CALC;Yes;No;0;No;No;0;0;L;0;0;10000;0;0.0099;Off;0;1;Off;0;1;Off;0;1;Off;0;1;Off;0;1;Off;0;1;0;Off;0;1;Min;0;10000;Linear;A16FAST;No;DB1093.DBD3786F;No;CR01 : Niveau cuve recupération;0;0;0;0;0;0;0;0;;;;;;;;
A16_LT_1100_Value;A16_Variables_G1;CALC;Yes;No;0;No;No;0;0;L;0;0;70000;0;0.0099;Off;0;1;Off;0;1;Off;0;1;Off;0;1;Off;0;1;Off;0;1;0;Off;0;1;Min;0;70000;Linear;A16FAST;No;DB1093.DBD3850F;No;TTJ2 : Niveau cuve;0;0;0;0;0;0;0;0;;;;;;;;
A16_LT_1200_Value;A16_Variables_G1;CALC;Yes;No;0;No;No;0;0;L;0;0;70000;0;0.0099;Off;0;1;Off;0;1;Off;0;1;Off;0;1;Off;0;1;Off;0;1;0;Off;0;1;Min;0;70000;Linear;A16FAST;No;DB1093.DBD3914F;No;TTJ1 : Niveau cuve;0;0;0;0;0;0;0;0;;;;;;;;
A16_LT_1300_Value;A16_Variables_G1;CALC;Yes;No;0;No;No;0;0;L;0;0;70000;0;0.0099;Off;0;1;Off;0;1;Off;0;1;Off;0;1;Off;0;1;Off;0;1;0;Off;0;1;Min;0;70000;Linear;A16FAST;No;DB1093.DBD3978F;No;TTJ3 : Niveau cuve;0;0;0;0;0;0;0;0;;;;;;;;
A16_LT_1400_Value;A16_Variables_G1;CALC;Yes;No;0;No;No;0;0;L;0;0;70000;0;0.0099;Off;0;1;Off;0;1;Off;0;1;Off;0;1;Off;0;1;Off;0;1;0;Off;0;1;Min;0;70000;Linear;A16FAST;No;DB1093.DBD4042F;No;TTJ4 : Niveau cuve ;0;0;0;0;0;0;0;0;;;;;;;;
A16_LT_2100_Value;A16_Variables_G3;CALC;Yes;No;0;No;No;0;0;L;0;0;10000;0;0.0099;Off;0;1;Off;0;1;Off;0;1;Off;0;1;Off;0;1;Off;0;1;0;Off;0;1;Min;0;10000;Linear;A16FAST;No;DB1093.DBD4106F;No;TTJ11 : Niveau cuve;0;0;0;0;0;0;0;0;;;;;;;;
A16_LT_2200_Value;A16_Variables_G3;CALC;Yes;No;0;No;No;0;0;L;0;0;10000;0;0.0099;Off;0;1;Off;0;1;Off;0;1;Off;0;1;Off;0;1;Off;0;1;0;Off;0;1;Min;0;10000;Linear;A16FAST;No;DB1093.DBD4170F;No;TTJ12 : Niveau cuve;0;0;0;0;0;0;0;0;;;;;;;;
